InitWindow,window,
CloseWindow,window,
WindowShouldClose,window,
IsWindowReady,window,
IsWindowFullscreen,window,
IsWindowHidden,window,
IsWindowMinimized,window,
IsWindowMaximized,window,
IsWindowFocused,window,
IsWindowResized,window,
IsWindowState,window,
SetWindowState,window,
ClearWindowState,window,
ToggleFullscreen,window,
ToggleBorderlessWindowed,window,
MaximizeWindow,window,
MinimizeWindow,window,
RestoreWindow,window,
SetWindowIcon,window,
SetWindowIcons,window,
SetWindowTitle,window,
SetWindowPosition,window,
SetWindowMonitor,window,
SetWindowMinSize,window,
SetWindowMaxSize,window,
SetWindowSize,window,
SetWindowOpacity,window,
SetWindowFocused,window,
GetWindowHandle,window,
GetScreenWidth,,
GetScreenHeight,,
GetRenderWidth,,
GetRenderHeight,,
GetMonitorCount,,
GetCurrentMonitor,,
GetMonitorPosition,,
GetMonitorWidth,,
GetMonitorHeight,,
GetMonitorPhysicalWidth,,
GetMonitorPhysicalHeight,,
GetMonitorRefreshRate,,
GetWindowPosition,,
GetWindowScaleDPI,,
GetMonitorName,,
SetClipboardText,,
GetClipboardText,,
GetClipboardImage,,
EnableEventWaiting,,
DisableEventWaiting,,
ShowCursor,cursor,
HideCursor,cursor,
IsCursorHidden,cursor,
EnableCursor,cursor,
DisableCursor,cursor,
IsCursorOnScreen,cursor,
ClearBackground,,
BeginDrawing,,
EndDrawing,,
BeginMode2D,,
EndMode2D,,
BeginMode3D,,
EndMode3D,,
BeginTextureMode,,
EndTextureMode,,
BeginShaderMode,,
EndShaderMode,,
BeginBlendMode,,
EndBlendMode,,
BeginScissorMode,,
EndScissorMode,,
BeginVrStereoMode,,
EndVrStereoMode,,
LoadVrStereoConfig,,
UnloadVrStereoConfig,,
LoadShader,,
LoadShaderFromMemory,,
IsShaderValid,,
GetShaderLocation,,
GetShaderLocationAttrib,,
SetShaderValue,,
SetShaderValueV,,
SetShaderValueMatrix,,
SetShaderValueTexture,,
UnloadShader,,
GetScreenToWorldRay,,
GetScreenToWorldRayEx,,
GetWorldToScreen,,
GetWorldToScreenEx,,
GetWorldToScreen2D,,
GetScreenToWorld2D,,
GetCameraMatrix,,
GetCameraMatrix2D,,
SetTargetFPS,,
GetFrameTime,,
GetTime,,
GetFPS,,
SwapScreenBuffer,,
PollInputEvents,,
WaitTime,,
SetRandomSeed,,
GetRandomValue,,
LoadRandomSequence,,
UnloadRandomSequence,,
TakeScreenshot,,
SetConfigFlags,,
OpenURL,,
SetTraceLogLevel,,
TraceLog,,
SetTraceLogCallback,,
MemAlloc,,
MemRealloc,,
MemFree,,
LoadFileData,file,
UnloadFileData,file,
SaveFileData,file,
ExportDataAsCode,file,
LoadFileText,file,
UnloadFileText,file,
SaveFileText,file,
SetLoadFileDataCallback,file,
SetSaveFileDataCallback,file,
SetLoadFileTextCallback,file,
SetSaveFileTextCallback,file,
FileRename,file,
FileRemove,file,
FileCopy,file,
FileMove,file,
FileTextReplace,file,
FileTextFindIndex,file,
FileExists,file,
DirectoryExists,file,
IsFileExtension,file,
GetFileLength,file,
GetFileModTime,file,
GetFileExtension,file,
GetFileName,file,
GetFileNameWithoutExt,file,
GetDirectoryPath,file,
GetPrevDirectoryPath,file,
GetWorkingDirectory,file,
GetApplicationDirectory,file,
MakeDirectory,file,
ChangeDirectory,file,
IsPathFile,file,
IsPathDirectory,file,
IsPathAbsolute,file,
IsFileNameValid,file,
LoadDirectoryFiles,file,
LoadDirectoryFilesEx,file,test
UnloadDirectoryFiles,file,
IsFileDropped,file,
LoadDroppedFiles,file,
UnloadDroppedFiles,file,
GetDirectoryFileCount,file,
GetDirectoryFileCountEx,file,
CompressData,file,
DecompressData,file,
EncodeDataBase64,file,
DecodeDataBase64,file,
ComputeCRC32,file,
ComputeMD5,file,
ComputeSHA1,file,
ComputeSHA256,file,
LoadAutomationEventList,,
UnloadAutomationEventList,,
ExportAutomationEventList,,
SetAutomationEventList,,
SetAutomationEventBaseFrame,,
StartAutomationEventRecording,,
StopAutomationEventRecording,,
PlayAutomationEvent,,
IsKeyPressed,input,test
IsKeyPressedRepeat,input,
IsKeyDown,input,test
IsKeyReleased,input,test
IsKeyUp,input,test
GetKeyPressed,input,test
GetCharPressed,input,
GetKeyName,input,
SetExitKey,input,
IsGamepadAvailable,input,
GetGamepadName,input,
IsGamepadButtonPressed,input,
IsGamepadButtonDown,input,
IsGamepadButtonReleased,input,
IsGamepadButtonUp,input,
GetGamepadButtonPressed,input,
GetGamepadAxisCount,input,
GetGamepadAxisMovement,input,
SetGamepadMappings,input,
SetGamepadVibration,input,
IsMouseButtonPressed,input,
IsMouseButtonDown,input,
IsMouseButtonReleased,input,
IsMouseButtonUp,input,
GetMouseX,input,
GetMouseY,input,
GetMousePosition,input,
GetMouseDelta,input,
SetMousePosition,input,
SetMouseOffset,input,
SetMouseScale,input,
GetMouseWheelMove,input,
GetMouseWheelMoveV,input,
SetMouseCursor,input,
GetTouchX,input,
GetTouchY,input,
GetTouchPosition,input,
GetTouchPointId,input,
GetTouchPointCount,input,
SetGesturesEnabled,input,
IsGestureDetected,input,
GetGestureDetected,input,
GetGestureHoldDuration,input,
GetGestureDragVector,input,
GetGestureDragAngle,input,
GetGesturePinchVector,input,
GetGesturePinchAngle,input,
UpdateCamera,,
UpdateCameraPro,,
SetShapesTexture,,
GetShapesTexture,,
GetShapesTextureRectangle,,
DrawPixel,draw,test
DrawPixelV,draw,
DrawLine,draw,
DrawLineV,draw,
DrawLineEx,draw,
DrawLineStrip,draw,
DrawLineBezier,draw,
DrawLineDashed,draw,
DrawTriangle,draw,test
DrawTriangleGradient,draw,
DrawTriangleLines,draw,
DrawTriangleFan,draw,
DrawTriangleStrip,draw,
DrawRectangle,draw,test
DrawRectangleV,draw,
DrawRectangleRec,draw,
DrawRectanglePro,draw,
DrawRectangleGradientV,draw,
DrawRectangleGradientH,draw,
DrawRectangleGradientEx,draw,
DrawRectangleLines,draw,
DrawRectangleLinesEx,draw,
DrawRectangleRounded,draw,
DrawRectangleRoundedLines,draw,
DrawRectangleRoundedLinesEx,draw,
DrawPoly,draw,
DrawPolyLines,draw,
DrawPolyLinesEx,draw,
DrawCircle,draw,test
DrawCircleV,draw,
DrawCircleGradient,draw,
DrawCircleSector,draw,
DrawCircleSectorLines,draw,
DrawCircleLines,draw,
DrawCircleLinesV,draw,
DrawCircleLinesEx,draw,
DrawEllipse,draw,test
DrawEllipseV,draw,
DrawEllipseLines,draw,
DrawEllipseLinesV,draw,
DrawRing,draw,test
DrawRingLines,draw,
DrawSplineLinear,draw,spline
DrawSplineBasis,draw,spline
DrawSplineCatmullRom,draw,spline
DrawSplineBezierQuadratic,draw,spline
DrawSplineBezierCubic,draw,spline
DrawSplineSegmentLinear,draw,spline
DrawSplineSegmentBasis,draw,spline
DrawSplineSegmentCatmullRom,draw,spline
DrawSplineSegmentBezierQuadratic,draw,spline
DrawSplineSegmentBezierCubic,draw,spline
GetSplinePointLinear,,spline
GetSplinePointBasis,,spline
GetSplinePointCatmullRom,,spline
GetSplinePointBezierQuadratic,,spline
GetSplinePointBezierCubic,,spline
CheckCollisionRecs,collision,
CheckCollisionCircles,collision,
CheckCollisionCircleRec,collision,
CheckCollisionCircleLine,collision,
CheckCollisionPointRec,collision,
CheckCollisionPointCircle,collision,
CheckCollisionPointTriangle,collision,
CheckCollisionPointLine,collision,
CheckCollisionPointPoly,collision,
CheckCollisionLines,collision,
GetCollisionRec,collision,
LoadImage,image,
LoadImageRaw,image,
LoadImageAnim,image,
LoadImageAnimFromMemory,image,
LoadImageFromMemory,image,
LoadImageFromTexture,image,
LoadImageFromScreen,image,
IsImageValid,image,
UnloadImage,image,
ExportImage,image,
ExportImageToMemory,image,
ExportImageAsCode,image,
GenImageColor,image,
GenImageGradientLinear,image,
GenImageGradientRadial,image,
GenImageGradientSquare,image,
GenImageChecked,image,
GenImageWhiteNoise,image,
GenImagePerlinNoise,image,
GenImageCellular,image,
GenImageText,image,
ImageCopy,image,
ImageFromImage,image,
ImageFromChannel,image,
ImageText,image,
ImageTextEx,image,
ImageFormat,image,
ImageToPOT,image,
ImageCrop,image,
ImageAlphaCrop,image,
ImageAlphaClear,image,
ImageAlphaMask,image,
ImageAlphaPremultiply,image,
ImageBlurGaussian,image,
ImageKernelConvolution,image,
ImageResize,image,
ImageResizeNN,image,
ImageResizeCanvas,image,
ImageMipmaps,image,
ImageDither,image,
ImageFlipVertical,image,
ImageFlipHorizontal,image,
ImageRotate,image,
ImageRotateCW,image,
ImageRotateCCW,image,
ImageColorTint,image,
ImageColorInvert,image,
ImageColorGrayscale,image,
ImageColorContrast,image,
ImageColorBrightness,image,
ImageColorReplace,image,
LoadImageColors,image,
LoadImagePalette,image,
UnloadImageColors,image,
UnloadImagePalette,image,
GetImageAlphaBorder,image,
GetImageColor,image,
ImageClearBackground,image,
ImageDrawPixel,image,
ImageDrawPixelV,image,
ImageDrawLine,image,
ImageDrawLineV,image,
ImageDrawLineEx,image,
ImageDrawLineStrip,image,
ImageDrawTriangle,image,
ImageDrawTriangleGradient,image,
ImageDrawTriangleLines,image,
ImageDrawTriangleFan,image,
ImageDrawTriangleStrip,image,
ImageDrawRectangle,image,
ImageDrawRectangleV,image,
ImageDrawRectangleRec,image,
ImageDrawRectanglePro,image,
ImageDrawRectangleLines,image,
ImageDrawRectangleLinesEx,image,
ImageDrawRectangleGradientEx,image,
ImageDrawCircle,image,
ImageDrawCircleV,image,
ImageDrawCircleLines,image,
ImageDrawCircleLinesV,image,
ImageDrawCircleGradient,image,
ImageDrawImage,image,
ImageDrawImageEx,image,
ImageDrawImageRec,image,
ImageDrawImagePro,image,
ImageDrawText,image,
ImageDrawTextEx,image,
ImageDrawTextPro,image,
LoadTexture,texture,
LoadTextureFromImage,texture,
LoadTextureCubemap,texture,
LoadRenderTexture,texture,
IsTextureValid,texture,
UnloadTexture,texture,
IsRenderTextureValid,texture,
UnloadRenderTexture,texture,
UpdateTexture,texture,
UpdateTextureRec,texture,
GenTextureMipmaps,texture,
SetTextureFilter,texture,
SetTextureWrap,texture,
DrawTexture,texture,
DrawTextureV,texture,
DrawTextureEx,texture,
DrawTextureRec,texture,
DrawTexturePro,texture,
DrawTextureNPatch,texture,
ColorIsEqual,,
Fade,,
ColorToInt,,
ColorNormalize,,
ColorFromNormalized,,
ColorToHSV,,
ColorFromHSV,,
ColorTint,,
ColorBrightness,,
ColorContrast,,
ColorAlpha,,
ColorAlphaBlend,,
ColorLerp,,
GetColor,,
GetPixelColor,,
SetPixelColor,,
GetPixelDataSize,,
GetFontDefault,,
LoadFont,,
LoadFontEx,,
LoadFontFromImage,,
LoadFontFromMemory,,
IsFontValid,,
LoadFontData,,
GenImageFontAtlas,,
UnloadFontData,,
UnloadFont,,
ExportFontAsCode,,
DrawFPS,test,
DrawText,test,
DrawTextEx,,
DrawTextPro,,
DrawTextCodepoint,,
DrawTextCodepoints,,
SetTextLineSpacing,,
MeasureText,,
MeasureTextEx,,
MeasureTextCodepoints,,
GetGlyphIndex,,
GetGlyphInfo,,
GetGlyphAtlasRec,,
LoadUTF8,,
UnloadUTF8,,
LoadCodepoints,,
UnloadCodepoints,,
GetCodepointCount,,
GetCodepoint,,
GetCodepointNext,,
GetCodepointPrevious,,
CodepointToUTF8,,
LoadTextLines,,
UnloadTextLines,,
TextCopy,,
TextIsEqual,,
TextLength,,
TextFormat,,
TextSubtext,,
TextRemoveSpaces,,
GetTextBetween,,
TextReplace,,
TextReplaceAlloc,,
TextReplaceBetween,,
TextReplaceBetweenAlloc,,
TextInsert,,
TextInsertAlloc,,
TextJoin,,
TextSplit,,
TextAppend,,
TextFindIndex,,
TextToUpper,,
TextToLower,,
TextToPascal,,
TextToSnake,,
TextToCamel,,
TextToInteger,,
TextToFloat,,
DrawLine3D,,
DrawPoint3D,,
DrawCircle3D,,
DrawTriangle3D,,
DrawTriangleStrip3D,,
DrawCube,,
DrawCubeV,,
DrawCubeWires,,
DrawCubeWiresV,,
DrawSphere,,
DrawSphereEx,,
DrawSphereWires,,
DrawCylinder,,
DrawCylinderEx,,
DrawCylinderWires,,
DrawCylinderWiresEx,,
DrawCapsule,,
DrawCapsuleWires,,
DrawPlane,,
DrawRay,,
DrawGrid,,
LoadModel,,
LoadModelFromMesh,,
IsModelValid,,
UnloadModel,,
GetModelBoundingBox,,
DrawModel,,
DrawModelEx,,
DrawModelWires,,
DrawModelWiresEx,,
DrawBoundingBox,,
DrawBillboard,,
DrawBillboardRec,,
DrawBillboardPro,,
UploadMesh,,
UpdateMeshBuffer,,
UnloadMesh,,
DrawMesh,,
DrawMeshInstanced,,
GetMeshBoundingBox,,
GenMeshTangents,,
ExportMesh,,
ExportMeshAsCode,,
GenMeshPoly,,
GenMeshPlane,,
GenMeshCube,,
GenMeshSphere,,
GenMeshHemiSphere,,
GenMeshCylinder,,
GenMeshCone,,
GenMeshTorus,,
GenMeshKnot,,
GenMeshHeightmap,,
GenMeshCubicmap,,
LoadMaterials,,
LoadMaterialDefault,,
IsMaterialValid,,
UnloadMaterial,,
SetMaterialTexture,,
SetModelMeshMaterial,,
LoadModelAnimations,,
UpdateModelAnimation,,
UpdateModelAnimationEx,,
UnloadModelAnimations,,
IsModelAnimationValid,,
CheckCollisionSpheres,,
CheckCollisionBoxes,,
CheckCollisionBoxSphere,,
GetRayCollisionSphere,,
GetRayCollisionBox,,
GetRayCollisionMesh,,
GetRayCollisionTriangle,,
GetRayCollisionQuad,,
InitAudioDevice,sound,
CloseAudioDevice,sound,
IsAudioDeviceReady,sound,
SetMasterVolume,sound,
GetMasterVolume,sound,
LoadWave,sound,
LoadWaveFromMemory,sound,
IsWaveValid,sound,
LoadSound,sound,
LoadSoundFromWave,sound,
LoadSoundAlias,sound,
IsSoundValid,sound,
UpdateSound,sound,
UnloadWave,sound,
UnloadSound,sound,
UnloadSoundAlias,sound,
ExportWave,sound,
ExportWaveAsCode,sound,
PlaySound,sound,
StopSound,sound,
PauseSound,sound,
ResumeSound,sound,
IsSoundPlaying,sound,
SetSoundVolume,sound,
SetSoundPitch,sound,
SetSoundPan,sound,
WaveCopy,sound,
WaveCrop,sound,
WaveFormat,sound,
LoadWaveSamples,sound,
UnloadWaveSamples,sound,
LoadMusicStream,sound,
LoadMusicStreamFromMemory,sound,
IsMusicValid,sound,
UnloadMusicStream,sound,
PlayMusicStream,sound,
IsMusicStreamPlaying,sound,
UpdateMusicStream,sound,
StopMusicStream,sound,
PauseMusicStream,sound,
ResumeMusicStream,sound,
SeekMusicStream,sound,
SetMusicVolume,sound,
SetMusicPitch,sound,
SetMusicPan,sound,
GetMusicTimeLength,sound,
GetMusicTimePlayed,sound,
LoadAudioStream,sound,
IsAudioStreamValid,sound,
UnloadAudioStream,sound,
UpdateAudioStream,sound,
IsAudioStreamProcessed,sound,
PlayAudioStream,sound,
PauseAudioStream,sound,
ResumeAudioStream,sound,
IsAudioStreamPlaying,sound,
StopAudioStream,sound,
SetAudioStreamVolume,sound,
SetAudioStreamPitch,sound,
SetAudioStreamPan,sound,
SetAudioStreamBufferSizeDefault,sound,
SetAudioStreamCallback,sound,
AttachAudioStreamProcessor,sound,
DetachAudioStreamProcessor,sound,
AttachAudioMixedProcessor,sound,
DetachAudioMixedProcessor,sound,
